largest_community_name,membership,avg_plurality
English,8687,0.192288396627527
French,5558,0.203404345041834
French Canadian,548,0.13504189255791
Irish,15913,0.210871823771174
